name,smiles,fragments,frags_joined
PBQ6,Cc1ccc(c2c3nc(C4=CC(F)=C(S4)CC(CC)CCCC)c(C5=CC(F)=C(S5)CC(CC)CCCC)nc3c(c6ccc(c7cc8c(c(C9=CC(F)=C(CC(CCCC)CC)S9)c(ccs%10)c%10c8C%11=CC(F)=C(CC(CC)CCCC)S%11)s7)s6)c(F)c2F)s1,"['Cc1cccs1', 'Fc1cc2nccnc2cc1F', 'Fc1ccsc1', 'CCCCC(C)CC', 'Fc1ccsc1', 'CCCCC(C)CC', 'c1ccsc1', 'c1cc2cc3sccc3cc2s1', 'Fc1ccsc1', 'CCCCC(C)CC', 'Fc1ccsc1', 'CCCCC(C)CC']",Cc1cccs1;Fc1cc2nccnc2cc1F;Fc1ccsc1;CCCCC(C)CC;Fc1ccsc1;CCCCC(C)CC;c1ccsc1;c1cc2cc3sccc3cc2s1;Fc1ccsc1;CCCCC(C)CC;Fc1ccsc1;CCCCC(C)CC
PBQ9,Cc1ccc(c2c3nc(C4=CC(Cl)=C(S4)CC(CC)CCCC)c(C5=CC(Cl)=C(S5)CC(CC)CCCC)nc3c(c6ccc(c7sc8c(C9=CC(F)=C(CC(CC)CCCC)S9)c%10c(c(C%11=CC(F)=C(CC(CCCC)CC)S%11)c8c7)scc%10)s6)c(F)c2F)s1,"['Cc1cccs1', 'Fc1cc2nccnc2cc1F', 'Clc1ccsc1', 'CCCCC(C)CC', 'Clc1ccsc1', 'CCCCC(C)CC', 'c1ccsc1', 'c1cc2cc3sccc3cc2s1', 'Fc1ccsc1', 'CCCCC(C)CC', 'Fc1ccsc1', 'CCCCC(C)CC']",Cc1cccs1;Fc1cc2nccnc2cc1F;Clc1ccsc1;CCCCC(C)CC;Clc1ccsc1;CCCCC(C)CC;c1ccsc1;c1cc2cc3sccc3cc2s1;Fc1ccsc1;CCCCC(C)CC;Fc1ccsc1;CCCCC(C)CC
PBDF-NS,FC1=C(C2=CC=C(C3=CC4=C(C5=CC=C6C(C=CC(SCC(CCCCCCCC)CCCCCC)=C6)=C5)C7=C(C=CO7)C(C8=CC=C9C(C=CC(SCC(CCCCCCCC)CCCCCC)=C9)=C8)=C4O3)S2)C%10=NN(CC(CCCCCCCC)CCCCCC)N=C%10C(C%11=CC=C(C)S%11)=C1F,"['FC1CC2NNNC2CC1F', 'c1ccsc1', 'c1cc2cc3occc3cc2o1', 'c1ccc2ccccc2c1', 'CCCCCCCCC(CS)CCCCCC', 'c1ccc2ccccc2c1', 'CCCCCCCCC(CS)CCCCCC', 'CCCCCCCCC(C)CCCCCC', 'Cc1cccs1']",FC1CC2NNNC2CC1F;c1ccsc1;c1cc2cc3occc3cc2o1;c1ccc2ccccc2c1;CCCCCCCCC(CS)CCCCCC;c1ccc2ccccc2c1;CCCCCCCCC(CS)CCCCCC;CCCCCCCCC(C)CCCCCC;Cc1cccs1
PThBDTP,CC1=CC=C(C2=CC(N(CC(CCCCCCCC)CCCCCCCCCC)C(C3=C4SC(C(S5)=CC6=C5C7=C(N(CC(CCCCCCCC)CCCCCCCCCC)C6=O)C=C(C)S7)=C3)=O)=C4S2)S1,"['Cc1cccs1', 'O=C1NC2CCSC2C2SCCC12', 'CCCCCCCCCCC(C)CCCCCCCC', 'CC1CC2NC(=O)C3CCSC3C2S1', 'CCCCCCCCCCC(C)CCCCCCCC']",Cc1cccs1;O=C1NC2CCSC2C2SCCC12;CCCCCCCCCCC(C)CCCCCCCC;CC1CC2NC(=O)C3CCSC3C2S1;CCCCCCCCCCC(C)CCCCCCCC
PSeTD2,O=C(N1CC(CCCCCC)CCCCCCCC)C2=C(C3=C1C=C(S3)C([Se]4)=CC=C4C)SC5=C2SC6=C5C(N(CC(CCCCCC)CCCCCCCC)C7=C6SC(C)=C7)=O,"['C=c1cc2[nH]c(=O)c3c4sc5c(c4sc3c2s1)C(=O)N=c1cc(-c2ccc(C)[se]2)sc1=5', 'CCCCCCCCC(C)CCCCCC', 'CCCCCCCCC(C)CCCCCC']",C=c1cc2[nH]c(=O)c3c4sc5c(c4sc3c2s1)C(=O)N=c1cc(-c2ccc(C)[se]2)sc1=5;CCCCCCCCC(C)CCCCCC;CCCCCCCCC(C)CCCCCC
PThTD2,O=C(N1CC(CCCCCC)CCCCCCCC)C2=C(C3=C1C=C(S3)C(S4)=CC=C4C)SC5=C2SC6=C5C(N(CC(CCCCCC)CCCCCCCC)C7=C6SC(C)=C7)=O,"['C=c1cc2[nH]c(=O)c3c4sc5c(c4sc3c2s1)C(=O)N=c1ccsc1=5', 'CCCCCCCCC(C)CCCCCC', 'Cc1cccs1', 'CCCCCCCCC(C)CCCCCC']",C=c1cc2[nH]c(=O)c3c4sc5c(c4sc3c2s1)C(=O)N=c1ccsc1=5;CCCCCCCCC(C)CCCCCC;Cc1cccs1;CCCCCCCCC(C)CCCCCC
PSeTD1,O=C(N1CC(CCCCCCCCCC)CCCCCCCC)C2=C(C3=C1C=C(S3)C([Se]4)=CC=C4C)SC5=C2SC6=C5C(N(CC(CCCCCCCCCC)CCCCCCCC)C7=C6SC(C)=C7)=O,"['C=c1cc2[nH]c(=O)c3c4sc5c(c4sc3c2s1)C(=O)N=c1cc(-c2ccc(C)[se]2)sc1=5', 'CCCCCCCCCCC(C)CCCCCCCC', 'CCCCCCCCCCC(C)CCCCCCCC']",C=c1cc2[nH]c(=O)c3c4sc5c(c4sc3c2s1)C(=O)N=c1cc(-c2ccc(C)[se]2)sc1=5;CCCCCCCCCCC(C)CCCCCCCC;CCCCCCCCCCC(C)CCCCCCCC
PThTD1,O=C(N1CC(CCCCCCCCCC)CCCCCCCC)C2=C(C3=C1C=C(S3)C(S4)=CC=C4C)SC5=C2SC6=C5C(N(CC(CCCCCCCCCC)CCCCCCCC)C7=C6SC(C)=C7)=O,"['C=c1cc2[nH]c(=O)c3c4sc5c(c4sc3c2s1)C(=O)N=c1ccsc1=5', 'CCCCCCCCCCC(C)CCCCCCCC', 'Cc1cccs1', 'CCCCCCCCCCC(C)CCCCCCCC']",C=c1cc2[nH]c(=O)c3c4sc5c(c4sc3c2s1)C(=O)N=c1ccsc1=5;CCCCCCCCCCC(C)CCCCCCCC;Cc1cccs1;CCCCCCCCCCC(C)CCCCCCCC
PM6,CC(S1)=CC2=C1C(C3=CC(F)=C(CC(CC)CCCC)S3)=C(C=C(C4=CC=C(C5=C(C(C6=C(CC(CC)CCCC)SC(CC(CC)CCCC)=C6C7=O)=O)C7=C(C8=CC=C(C)S8)S5)S4)S9)C9=C2C%10=CC(F)=C(CC(CC)CCCC)S%10,"['Cc1cc2cc3sccc3cc2s1', 'Fc1ccsc1', 'CCCCC(C)CC', 'c1ccsc1', 'O=C1c2cscc2C(=O)c2cscc21', 'CCCCC(C)CC', 'CCCCC(C)CC', 'Cc1cccs1', 'Fc1ccsc1', 'CCCCC(C)CC']",Cc1cc2cc3sccc3cc2s1;Fc1ccsc1;CCCCC(C)CC;c1ccsc1;O=C1c2cscc2C(=O)c2cscc21;CCCCC(C)CC;CCCCC(C)CC;Cc1cccs1;Fc1ccsc1;CCCCC(C)CC
PM7,CC(S1)=CC2=C1C(C3=CC(Cl)=C(CC(CCCC)CC)S3)=C(C=C(C4=CC=C(C5=C(C(C6=C(CC(CCCC)CC)SC(CC(CC)CCCC)=C6C7=O)=O)C7=C(C8=CC=C(C)S8)S5)S4)S9)C9=C2C%10=CC(Cl)=C(CC(CCCC)CC)S%10,"['Cc1cc2cc3sccc3cc2s1', 'Clc1ccsc1', 'CCCCC(C)CC', 'c1ccsc1', 'O=C1c2cscc2C(=O)c2cscc21', 'CCCCC(C)CC', 'CCCCC(C)CC', 'Cc1cccs1', 'Clc1ccsc1', 'CCCCC(C)CC']",Cc1cc2cc3sccc3cc2s1;Clc1ccsc1;CCCCC(C)CC;c1ccsc1;O=C1c2cscc2C(=O)c2cscc21;CCCCC(C)CC;CCCCC(C)CC;Cc1cccs1;Clc1ccsc1;CCCCC(C)CC
2D-PBTCl2,Cc1c2sc(c3sc(C(OCC(CCCC)CC)=O)cc3Cl)c(Cl)c2c(c4sc5c(c6ccc(CC(CCCC)CC)s6)c7ccsc7c(c8ccc(CC(CCCC)CC)s8)c5c4)s1,"['Cc1scc2c(Cl)csc12', 'Clc1ccsc1', 'CCCCC(CC)COC=O', 'c1cc2cc3sccc3cc2s1', 'c1ccsc1', 'CCCCC(C)CC', 'c1ccsc1', 'CCCCC(C)CC']",Cc1scc2c(Cl)csc12;Clc1ccsc1;CCCCC(CC)COC=O;c1cc2cc3sccc3cc2s1;c1ccsc1;CCCCC(C)CC;c1ccsc1;CCCCC(C)CC
PBDB-T,CC(S1)=CC2=C1C(C3=CC=C(CC(CCCC)CC)S3)=C(C=C(C4=CC=C(C5=C(C(C6=C(CC(CCCC)CC)SC(CC(CC)CCCC)=C6C7=O)=O)C7=C(C8=CC=C(C)S8)S5)S4)S9)C9=C2C%10=CC=C(CC(CCCC)CC)S%10,"['Cc1cc2cc3sccc3cc2s1', 'c1ccsc1', 'CCCCC(C)CC', 'c1ccsc1', 'O=C1c2cscc2C(=O)c2cscc21', 'CCCCC(C)CC', 'CCCCC(C)CC', 'Cc1cccs1', 'c1ccsc1', 'CCCCC(C)CC']",Cc1cc2cc3sccc3cc2s1;c1ccsc1;CCCCC(C)CC;c1ccsc1;O=C1c2cscc2C(=O)c2cscc21;CCCCC(C)CC;CCCCC(C)CC;Cc1cccs1;c1ccsc1;CCCCC(C)CC
PTB7-Th,CC1=CC2=C(C3=CC=C(CC(CC)CCCC)S3)C4=C(C=C(C5=C6C(C(F)=C(C(OCC(CCCC)CC)=O)S6)=C(C)S5)S4)C(C7=CC=C(CC(CC)CCCC)S7)=C2S1,"['Cc1cc2cc3sccc3cc2s1', 'c1ccsc1', 'CCCCC(C)CC', 'Cc1scc2scc(F)c12', 'CCCCC(CC)COC=O', 'c1ccsc1', 'CCCCC(C)CC']",Cc1cc2cc3sccc3cc2s1;c1ccsc1;CCCCC(C)CC;Cc1scc2scc(F)c12;CCCCC(CC)COC=O;c1ccsc1;CCCCC(C)CC
P3HT,Cc1cc(CCCCCC)c(c2sc(c3cc(CCCCCC)c(c4sc(C)cc4CCCCCC)s3)cc2CCCCCC)s1,"['Cc1cccs1', 'CCCCCC', 'c1ccsc1', 'c1ccsc1', 'CCCCCC', 'Cc1cccs1', 'CCCCCC', 'CCCCCC']",Cc1cccs1;CCCCCC;c1ccsc1;c1ccsc1;CCCCCC;Cc1cccs1;CCCCCC;CCCCCC
J71,Cc1ccc(c2c3nn(CC(CCCCCC)CCCCCCCC)nc3c(c4ccc(c5sc6c(c7ccc([Si](CCC)(CCC)CCC)s7)c8cc(C)sc8c(c9ccc([Si](CCC)(CCC)CCC)s9)c6c5)s4)c(F)c2F)s1,"['Cc1cccs1', 'FC1CC2NNNC2CC1F', 'CCCCCCCCC(C)CCCCCC', 'c1ccsc1', 'Cc1cc2cc3sccc3cc2s1', 'CCC[Si](CCC)(CCC)c1cccs1', 'CCC[Si](CCC)(CCC)c1cccs1']",Cc1cccs1;FC1CC2NNNC2CC1F;CCCCCCCCC(C)CCCCCC;c1ccsc1;Cc1cc2cc3sccc3cc2s1;CCC[Si](CCC)(CCC)c1cccs1;CCC[Si](CCC)(CCC)c1cccs1
PBDB-T-2Cl,Cc1sc(c2c3c(C(c4c(C3=O)c(CC(CC)CCCC)sc4CC(CCCC)CC)=O)c(c5sc(c6sc7c(c8sc(CC(CC)CCCC)c(Cl)c8)c(ccs9)c9c(c%10cc(Cl)c(CC(CC)CCCC)s%10)c7c6)cc5)s2)cc1,"['Cc1cccs1', 'O=C1c2cscc2C(=O)c2cscc21', 'CCCCC(C)CC', 'CCCCC(C)CC', 'c1ccsc1', 'c1cc2cc3sccc3cc2s1', 'Clc1ccsc1', 'CCCCC(C)CC', 'Clc1ccsc1', 'CCCCC(C)CC']",Cc1cccs1;O=C1c2cscc2C(=O)c2cscc21;CCCCC(C)CC;CCCCC(C)CC;c1ccsc1;c1cc2cc3sccc3cc2s1;Clc1ccsc1;CCCCC(C)CC;Clc1ccsc1;CCCCC(C)CC
J51,Fc1c(F)c(c2sc(C)cc2)c(nn(CCCCCCCC)n3)c3c1c4sc(c5sc6c(c7sc(CC(CCCCCCCC)CCCCCC)cc7)c(ccs8)c8c(c9sc(CC(CCCCCC)CCCCCCCC)cc9)c6c5)cc4,"['FC1CC2NNNC2CC1F', 'Cc1cccs1', 'CCCCCCCC', 'c1ccsc1', 'c1cc2cc3sccc3cc2s1', 'c1ccsc1', 'CCCCCCCCC(C)CCCCCC', 'c1ccsc1', 'CCCCCCCCC(C)CCCCCC']",FC1CC2NNNC2CC1F;Cc1cccs1;CCCCCCCC;c1ccsc1;c1cc2cc3sccc3cc2s1;c1ccsc1;CCCCCCCCC(C)CCCCCC;c1ccsc1;CCCCCCCCC(C)CCCCCC
PTQ10,Cc1sc(c2c(F)c(F)cc3nc(OCC(CCCCCCCC)CCCCCC)cnc23)cc1,"['Cc1cccs1', 'Fc1cc2nccnc2cc1F', 'CCCCCCCCC(CO)CCCCCC']",Cc1cccs1;Fc1cc2nccnc2cc1F;CCCCCCCCC(CO)CCCCCC
J52-Cl,CC1=CC2=C(C(C3=CC(Cl)=C(S3)CC(CC)CCCC)=C4C=C(SC4=C2C5=CC(Cl)=C(S5)CC(CCCC)CC)C6=CC=C(S6)C7=C(C(F)=C(C8=NN(N=C87)CC(CCCCCCCC)CCCCCC)C9=CC=C(S9)C)F)S1,"['Cc1cc2cc3sccc3cc2s1', 'Clc1ccsc1', 'CCCCC(C)CC', 'Clc1ccsc1', 'CCCCC(C)CC', 'c1ccsc1', 'FC1CC2NNNC2CC1F', 'CCCCCCCCC(C)CCCCCC', 'Cc1cccs1']",Cc1cc2cc3sccc3cc2s1;Clc1ccsc1;CCCCC(C)CC;Clc1ccsc1;CCCCC(C)CC;c1ccsc1;FC1CC2NNNC2CC1F;CCCCCCCCC(C)CCCCCC;Cc1cccs1
J52-2F,CC1=CC2=C(C(C3=CC(F)=C(S3)CC(CC)CCCC)=C4C=C(SC4=C2C5=CC(F)=C(S5)CC(CCCC)CC)C6=CC=C(S6)C7=C(C(F)=C(C8=NN(N=C87)CC(CCCCCCCC)CCCCCC)C9=CC=C(S9)C)F)S1,"['Cc1cc2cc3sccc3cc2s1', 'Fc1ccsc1', 'CCCCC(C)CC', 'Fc1ccsc1', 'CCCCC(C)CC', 'c1ccsc1', 'FC1CC2NNNC2CC1F', 'CCCCCCCCC(C)CCCCCC', 'Cc1cccs1']",Cc1cc2cc3sccc3cc2s1;Fc1ccsc1;CCCCC(C)CC;Fc1ccsc1;CCCCC(C)CC;c1ccsc1;FC1CC2NNNC2CC1F;CCCCCCCCC(C)CCCCCC;Cc1cccs1
PBT1-C,CC1=CC2=C(C(C3=CC=C(CC(CCCCCC)CCCC)C=C3)=C4C=C(SC4=C2C5=CC=C(CC(CCCCCC)CCCC)C=C5)C6=CC=C(S6)C7=C(C8=C(S7)C9=CC=C(S9)C)C(C%10=C(SC(CC(CCCC)CC)=C%10C8=O)CC(CC)CCCC)=O)S1,"['Cc1cc2cc3sccc3cc2s1', 'c1ccccc1', 'CCCCCCC(C)CCCC', 'c1ccccc1', 'CCCCCCC(C)CCCC', 'c1ccsc1', 'O=C1c2cscc2C(=O)c2cscc21', 'Cc1cccs1', 'CCCCC(C)CC', 'CCCCC(C)CC']",Cc1cc2cc3sccc3cc2s1;c1ccccc1;CCCCCCC(C)CCCC;c1ccccc1;CCCCCCC(C)CCCC;c1ccsc1;O=C1c2cscc2C(=O)c2cscc21;Cc1cccs1;CCCCC(C)CC;CCCCC(C)CC
J60,Fc1c(F)c(c2sc(C)cc2)c(nn(CC(CCCCCCCC)CCCCCC)n3)c3c1c4sc(c5sc6c(c7sc(SCC(CC)CCCC)cc7)c(ccs8)c8c(c9sc(SCC(CCCC)CC)cc9)c6c5)cc4,"['FC1CC2NNNC2CC1F', 'Cc1cccs1', 'CCCCCCCCC(C)CCCCCC', 'c1ccsc1', 'c1cc2cc3sccc3cc2s1', 'c1ccsc1', 'CCCCC(CC)CS', 'c1ccsc1', 'CCCCC(CC)CS']",FC1CC2NNNC2CC1F;Cc1cccs1;CCCCCCCCC(C)CCCCCC;c1ccsc1;c1cc2cc3sccc3cc2s1;c1ccsc1;CCCCC(CC)CS;c1ccsc1;CCCCC(CC)CS
DRCN5T,CCc1cc(/C=c2\sc(=C(C#N)C#N)n(CC)c2=O)sc1-c1cc(CC)c(-c2ccc(-c3sc(-c4sc(/C=c5\sc(=C(C#N)C#N)n(CC)c5=O)cc4CC)cc3CC)s2)s1,"['CC', 'N#CC(C#N)=c1[nH]c(=O)c(=Cc2cccs2)s1', 'CC', 'c1ccsc1', 'CC', 'c1ccsc1', 'c1ccsc1', 'N#CC(C#N)=c1[nH]c(=O)c(=Cc2cccs2)s1', 'CC', 'CC', 'CC']",CC;N#CC(C#N)=c1[nH]c(=O)c(=Cc2cccs2)s1;CC;c1ccsc1;CC;c1ccsc1;c1ccsc1;N#CC(C#N)=c1[nH]c(=O)c(=Cc2cccs2)s1;CC;CC;CC
P2F-Ehp,Fc1cc(c(c(cc(c2sc(c(c3c(C(N(C3=O)CCCCCCCC)=O)c4c5sc(C)cc5)c6c4nn(CC(CCCC)CC)n6)cc2)s7)c7c8c9cc(F)c(CC(CCCC)CC)c(F)c9)c%10c8ccs%10)cc(F)c1CC(CCCC)CC,"['Fc1cccc(F)c1', 'c1cc2cc3sccc3cc2s1', 'c1ccsc1', 'O=C1NC(=O)C2CC3NNNC3CC12', 'CCCCCCCC', 'Cc1cccs1', 'CCCCC(C)CC', 'Fc1cccc(F)c1', 'CCCCC(C)CC', 'CCCCC(C)CC']",Fc1cccc(F)c1;c1cc2cc3sccc3cc2s1;c1ccsc1;O=C1NC(=O)C2CC3NNNC3CC12;CCCCCCCC;Cc1cccs1;CCCCC(C)CC;Fc1cccc(F)c1;CCCCC(C)CC;CCCCC(C)CC
PDCBT,O=C(c1c(C)sc(c2sc(c3sc(c4sc(C)cc4)cc3)c(C(OCC(CCCCCCCC)CCCCCC)=O)c2)c1)OCC(CCCCCC)CCCCCCCC,"['CCCCCCCCC(CCCCCC)COC=O', 'Cc1cccs1', 'c1ccsc1', 'c1ccsc1', 'Cc1cccs1', 'CCCCCCCCC(CCCCCC)COC=O']",CCCCCCCCC(CCCCCC)COC=O;Cc1cccs1;c1ccsc1;c1ccsc1;Cc1cccs1;CCCCCCCCC(CCCCCC)COC=O
PDCBT-Cl,O=C(c1c(C)sc(c2sc(c3sc(c4sc(C)cc4)cc3Cl)c(C(OCC(CCCCCCCC)CCCCCC)=O)c2)c1)OCC(CCCCCC)CCCCCCCC,"['CCCCCCCCC(CCCCCC)COC=O', 'Cc1cccs1', 'c1ccsc1', 'Clc1ccsc1', 'Cc1cccs1', 'CCCCCCCCC(CCCCCC)COC=O']",CCCCCCCCC(CCCCCC)COC=O;Cc1cccs1;c1ccsc1;Clc1ccsc1;Cc1cccs1;CCCCCCCCC(CCCCCC)COC=O
PTPDBDT,O=C1N(CC(CCCC)CC)C(c2c1c(C)sc2c3sc4c(c5ccc(CC(CCCC)CC)s5)c6ccsc6c(c7ccc(CC(CCCC)CC)s7)c4c3)=O,"['Cc1scc2c1C(=O)NC2=O', 'CCCCC(C)CC', 'c1cc2cc3sccc3cc2s1', 'c1ccsc1', 'CCCCC(C)CC', 'c1ccsc1', 'CCCCC(C)CC']",Cc1scc2c1C(=O)NC2=O;CCCCC(C)CC;c1cc2cc3sccc3cc2s1;c1ccsc1;CCCCC(C)CC;c1ccsc1;CCCCC(C)CC
BTR-Cl,Clc1c(CC(CCCC)CC)sc(c2c(sc(c3sc(c4sc(c5sc(/C=C6SC(N(C/6=O)CCCCCC)=S)cc5)c(CCCCCC)c4)c(CCCCCC)c3)c7)c7c(c8sc(CC(CC)CCCC)c(Cl)c8)c9sc(c%10sc(c%11sc(c%12sc(/C=C%13SC(N(C\%13=O)CCCCCC)=S)cc%12)c(CCCCCC)c%11)c(CCCCCC)c%10)cc29)c1,"['Clc1ccsc1', 'CCCCC(C)CC', 'c1cc2cc3sccc3cc2s1', 'c1ccsc1', 'c1ccsc1', 'Cc1cccs1', 'Oc1csc(=S)[nH]1', 'CCCCCC', 'CCCCCC', 'CCCCCC', 'Clc1ccsc1', 'CCCCC(C)CC', 'c1ccsc1', 'c1ccsc1', 'Cc1cccs1', 'Oc1csc(=S)[nH]1', 'CCCCCC', 'CCCCCC', 'CCCCCC']",Clc1ccsc1;CCCCC(C)CC;c1cc2cc3sccc3cc2s1;c1ccsc1;c1ccsc1;Cc1cccs1;Oc1csc(=S)[nH]1;CCCCCC;CCCCCC;CCCCCC;Clc1ccsc1;CCCCC(C)CC;c1ccsc1;c1ccsc1;Cc1cccs1;Oc1csc(=S)[nH]1;CCCCCC;CCCCCC;CCCCCC
D18,CC(S1)=CC2=C1C(C3=CC(F)=C(CC(CCCC)CC)S3)=C(C=C(C4=C(CC(CCCCCC)CCCC)C=C(C5=CC6=C(C(SC(C7=CC(CC(CCCC)CCCCCC)=C(C)S7)=C8)=C8C9=NSN=C96)S5)S4)S%10)C%10=C2C%11=CC(F)=C(CC(CC)CCCC)S%11,"['Cc1cc2cc3sccc3cc2s1', 'Fc1ccsc1', 'CCCCC(C)CC', 'c1ccsc1', 'CCCCCCC(C)CCCC', 'c1cc2c3nsnc3c3ccsc3c2s1', 'Cc1cccs1', 'CCCCCCC(C)CCCC', 'Fc1ccsc1', 'CCCCC(C)CC']",Cc1cc2cc3sccc3cc2s1;Fc1ccsc1;CCCCC(C)CC;c1ccsc1;CCCCCCC(C)CCCC;c1cc2c3nsnc3c3ccsc3c2s1;Cc1cccs1;CCCCCCC(C)CCCC;Fc1ccsc1;CCCCC(C)CC
HFQx-T,Cc1sc(c(c(F)c(F)c2c3sc(c(c4)sc5c4c(c6sc(CC(CCCC)CC)cc6)c(scc7)c7c5c8sc(CC(CCCC)CC)cc8)cc3)c9c2nc(c%10cc(C)c(OCC(CC)CCCC)c(F)c%10)c(c%11cc(F)c(OCC(CCCC)CC)c(F)c%11)n9)cc1,"['Cc1cccs1', 'Fc1cc2nccnc2cc1F', 'c1ccsc1', 'c1cc2cc3sccc3cc2s1', 'c1ccsc1', 'CCCCC(C)CC', 'c1ccsc1', 'CCCCC(C)CC', 'Cc1cccc(F)c1', 'CCCCC(CC)CO', 'Fc1cccc(F)c1', 'CCCCC(CC)CO']",Cc1cccs1;Fc1cc2nccnc2cc1F;c1ccsc1;c1cc2cc3sccc3cc2s1;c1ccsc1;CCCCC(C)CC;c1ccsc1;CCCCC(C)CC;Cc1cccc(F)c1;CCCCC(CC)CO;Fc1cccc(F)c1;CCCCC(CC)CO
J100,Cc1sc(c(c(Cl)c(Cl)c2c3sc(c(c4)sc5c4c(c6sc([Si](CC)(CC)CC)cc6)c(scc7)c7c5c8sc([Si](CC)(CC)CC)cc8)cc3)c9c2nn(CC(CCCCCC)CCCCCCCC)n9)cc1,"['Cc1cccs1', 'ClC1CC2NNNC2CC1Cl', 'c1ccsc1', 'c1cc2cc3sccc3cc2s1', 'CC[Si](CC)(CC)c1cccs1', 'CC[Si](CC)(CC)c1cccs1', 'CCCCCCCCC(C)CCCCCC']",Cc1cccs1;ClC1CC2NNNC2CC1Cl;c1ccsc1;c1cc2cc3sccc3cc2s1;CC[Si](CC)(CC)c1cccs1;CC[Si](CC)(CC)c1cccs1;CCCCCCCCC(C)CCCCCC
PBDB-ST,Cc1sc(c2c3c(C(c4c(C3=O)c(CC(CCCC)CC)sc4CC(CC)CCCC)=O)c(c5sc(c6sc7c(c8sc(SCC(CCCC)CC)cc8)c(ccs9)c9c(c%10sc(SCC(CCCC)CC)cc%10)c7c6)cc5)s2)cc1,"['Cc1cccs1', 'O=C1c2cscc2C(=O)c2cscc21', 'CCCCC(C)CC', 'CCCCC(C)CC', 'c1ccsc1', 'c1cc2cc3sccc3cc2s1', 'c1ccsc1', 'CCCCC(CC)CS', 'c1ccsc1', 'CCCCC(CC)CS']",Cc1cccs1;O=C1c2cscc2C(=O)c2cscc21;CCCCC(C)CC;CCCCC(C)CC;c1ccsc1;c1cc2cc3sccc3cc2s1;c1ccsc1;CCCCC(CC)CS;c1ccsc1;CCCCC(CC)CS
PBDTTT-E-T,Cc(sc1c(c2)sc3c2c(c4sc(CC(CCCC)CC)cc4)c(scc5)c5c3c6sc(CC(CCCC)CC)cc6)c7c1sc(C(OCC(CC)CCCC)=O)c7,"['Cc1scc2sccc12', 'c1cc2cc3sccc3cc2s1', 'c1ccsc1', 'CCCCC(C)CC', 'c1ccsc1', 'CCCCC(C)CC', 'CCCCC(CC)COC=O']",Cc1scc2sccc12;c1cc2cc3sccc3cc2s1;c1ccsc1;CCCCC(C)CC;c1ccsc1;CCCCC(C)CC;CCCCC(CC)COC=O
PDCBT-2F,O=C(c1c(c2scc(F)c2)sc(c3sc(c4sc(C)c(F)c4)c(C(OC(CCCCCCCCC)CCCCCC)=O)c3)c1)OC(CCCCCC)CCCCCCCCC,"['CCCCCCCCCC(CCCCCC)OC=O', 'c1ccsc1', 'Fc1ccsc1', 'c1ccsc1', 'Cc1sccc1F', 'CCCCCCCCCC(CCCCCC)OC=O']",CCCCCCCCCC(CCCCCC)OC=O;c1ccsc1;Fc1ccsc1;c1ccsc1;Cc1sccc1F;CCCCCCCCCC(CCCCCC)OC=O
PffBT4T-2DT,Fc1c(F)c(c2sc(c3sc(c4sc(C)cc4)cc3)c(CC(CCCCCCCCCC)CCCCCCCCCCCC)c2)c(nsn5)c5c1c6cc(CC(CCCCCCCCCCCC)CCCCCCCCCC)cs6,"['Fc1cc2nsnc2cc1F', 'c1ccsc1', 'c1ccsc1', 'Cc1cccs1', 'CCCCCCCCCCCCC(C)CCCCCCCCCC', 'c1ccsc1', 'CCCCCCCCCCCCC(C)CCCCCCCCCC']",Fc1cc2nsnc2cc1F;c1ccsc1;c1ccsc1;Cc1cccs1;CCCCCCCCCCCCC(C)CCCCCCCCCC;c1ccsc1;CCCCCCCCCCCCC(C)CCCCCCCCCC
PTB7,Cc(sc1c(c2)sc3c2c(OCC(CC)CCCC)c(scc4)c4c3OCC(CC)CCCC)c5c1c(F)c(C(OCC(CC)CCCC)=O)s5,"['Cc1scc2c(F)csc12', 'c1cc2cc3sccc3cc2s1', 'CCCCC(CC)CO', 'CCCCC(CC)CO', 'CCCCC(CC)COC=O']",Cc1scc2c(F)csc12;c1cc2cc3sccc3cc2s1;CCCCC(CC)CO;CCCCC(CC)CO;CCCCC(CC)COC=O
SZ5,CCCCC(CC)Cc1c(Cl)cc(c2c(sc(c3ccc(c4sc(c5ccc(c6sc7c(c8cc(Cl)c(CC(CC)CCCC)s8)c9ccsc9c(c%10cc(Cl)c(CC(CC)CCCC)s%10)c7c6)s5)c%11c4C(c%12c(CC(CCCC)CC)sc(CC(CCCC)CC)c%12C%11=O)=O)s3)c%13)c%13c(c%14cc(Cl)c(CC(CC)CCCC)s%14)c%15c2cc(c%16c(CC(CCCC)CC)cc(c%17nc%18c(nc(c%19scc(CC(CCCC)CC)c%19)s%18)s%17)s%16)s%15)s1,"['CCCCC(C)CC', 'Clc1ccsc1', 'c1cc2cc3sccc3cc2s1', 'c1ccsc1', 'O=C1c2cscc2C(=O)c2cscc21', 'c1ccsc1', 'c1cc2cc3sccc3cc2s1', 'Clc1ccsc1', 'CCCCC(C)CC', 'Clc1ccsc1', 'CCCCC(C)CC', 'CCCCC(C)CC', 'CCCCC(C)CC', 'Clc1ccsc1', 'CCCCC(C)CC', 'c1ccsc1', 'CCCCC(C)CC', 'c1nc2scnc2s1', 'c1ccsc1', 'CCCCC(C)CC']",CCCCC(C)CC;Clc1ccsc1;c1cc2cc3sccc3cc2s1;c1ccsc1;O=C1c2cscc2C(=O)c2cscc21;c1ccsc1;c1cc2cc3sccc3cc2s1;Clc1ccsc1;CCCCC(C)CC;Clc1ccsc1;CCCCC(C)CC;CCCCC(C)CC;CCCCC(C)CC;Clc1ccsc1;CCCCC(C)CC;c1ccsc1;CCCCC(C)CC;c1nc2scnc2s1;c1ccsc1;CCCCC(C)CC
BTR,S=C(S/1)N(CCCCCC)C(C1=C/C(S2)=CC=C2C(C(CCCCCC)C3)SC3C(S4)=C(CCCCCC)C=C4C5=CC6=C(C7=CC=C(CC(CCCC)CC)S7)C8=C(C=C(C9=CC(CCCCCC)=C(C%10SC(C%11=CC=C(/C=C%12C(N(CCCCCC)C(S\%12)=S)=O)S%11)C(CCCCCC)C%10)S9)S8)C(C%13=CC=C(CC(CC)CCCC)S%13)=C6S5)=O,"['Oc1csc(=S)[nH]1', 'CCCCCC', 'Cc1cccs1', 'C1CCSC1', 'CCCCCC', 'c1ccsc1', 'CCCCCC', 'c1cc2cc3sccc3cc2s1', 'c1ccsc1', 'CCCCC(C)CC', 'c1ccsc1', 'CCCCCC', 'C1CCSC1', 'Cc1cccs1', 'Oc1csc(=S)[nH]1', 'CCCCCC', 'CCCCCC', 'c1ccsc1', 'CCCCC(C)CC']",Oc1csc(=S)[nH]1;CCCCCC;Cc1cccs1;C1CCSC1;CCCCCC;c1ccsc1;CCCCCC;c1cc2cc3sccc3cc2s1;c1ccsc1;CCCCC(C)CC;c1ccsc1;CCCCCC;C1CCSC1;Cc1cccs1;Oc1csc(=S)[nH]1;CCCCCC;CCCCCC;c1ccsc1;CCCCC(C)CC
DRTB-T-C4,S=C(N(C/1=O)CCCC)SC1=C\c2cc3c(c4sc(CC(CCCC)CC)cc4)c5sc(c6cc7c(c8sc(CC(CCCC)CC)cc8)c9sc(c%10sc%11c(c%12sc(CC(CC)CCCC)cc%12)c(cc(/C=C%13SC(N(C\%13=O)CCCC)=S)s%14)c%14c(c%15sc(CC(CC)CCCC)cc%15)c%11c%10)cc9c(c%16sc(CC(CC)CCCC)cc%16)c7s6)cc5c(c%17sc(CC(CCCC)CC)cc%17)c3s2,"['Oc1csc(=S)[nH]1', 'CCCC', 'Cc1cc2cc3sccc3cc2s1', 'c1ccsc1', 'CCCCC(C)CC', 'c1cc2cc3sccc3cc2s1', 'c1ccsc1', 'CCCCC(C)CC', 'Cc1cc2cc3sccc3cc2s1', 'c1ccsc1', 'CCCCC(C)CC', 'Oc1csc(=S)[nH]1', 'CCCC', 'c1ccsc1', 'CCCCC(C)CC', 'c1ccsc1', 'CCCCC(C)CC', 'c1ccsc1', 'CCCCC(C)CC']",Oc1csc(=S)[nH]1;CCCC;Cc1cc2cc3sccc3cc2s1;c1ccsc1;CCCCC(C)CC;c1cc2cc3sccc3cc2s1;c1ccsc1;CCCCC(C)CC;Cc1cc2cc3sccc3cc2s1;c1ccsc1;CCCCC(C)CC;Oc1csc(=S)[nH]1;CCCC;c1ccsc1;CCCCC(C)CC;c1ccsc1;CCCCC(C)CC;c1ccsc1;CCCCC(C)CC
PTzBI,Cc1sc(c2c(nn(CCCCCCCC)n3)c3c(c4sc(c5sc6c(c7sc(CC(CC)CCCC)cc7)c(ccs8)c8c(c9sc(CC(CC)CCCC)cc9)c6c5)cc4)c%10c2C(N(C%10=O)CCCCCCCC)=O)cc1,"['Cc1cccs1', 'O=C1NC(=O)C2CC3NNNC3CC12', 'CCCCCCCC', 'c1ccsc1', 'c1cc2cc3sccc3cc2s1', 'c1ccsc1', 'CCCCC(C)CC', 'c1ccsc1', 'CCCCC(C)CC', 'CCCCCCCC']",Cc1cccs1;O=C1NC(=O)C2CC3NNNC3CC12;CCCCCCCC;c1ccsc1;c1cc2cc3sccc3cc2s1;c1ccsc1;CCCCC(C)CC;c1ccsc1;CCCCC(C)CC;CCCCCCCC
L1,S=C(N(C/1=O)CCCCCC)SC1=C/c2ccc(c3c(CCCCCC)cc(c4c(CCCCCC)cc(c5sc6c(c7ccc([Si](CC)(CC)CC)s7)c8cc(c9cc(CCCCCC)c(c%10cc(CCCCCC)c(c%11ccc(/C=C%12C(N(C(S/%12)=S)CCCCCC)=O)s%11)s%10)s9)sc8c(c%13ccc([Si](CC)(CC)CC)s%13)c6c5)s4)s3)s2,"['Oc1csc(=S)[nH]1', 'CCCCCC', 'Cc1cccs1', 'c1ccsc1', 'CCCCCC', 'c1ccsc1', 'CCCCCC', 'c1cc2cc3sccc3cc2s1', 'CC[Si](CC)(CC)c1cccs1', 'c1ccsc1', 'CCCCCC', 'c1ccsc1', 'CCCCCC', 'Cc1cccs1', 'Oc1csc(=S)[nH]1', 'CCCCCC', 'CC[Si](CC)(CC)c1cccs1']",Oc1csc(=S)[nH]1;CCCCCC;Cc1cccs1;c1ccsc1;CCCCCC;c1ccsc1;CCCCCC;c1cc2cc3sccc3cc2s1;CC[Si](CC)(CC)c1cccs1;c1ccsc1;CCCCCC;c1ccsc1;CCCCCC;Cc1cccs1;Oc1csc(=S)[nH]1;CCCCCC;CC[Si](CC)(CC)c1cccs1
J91,Fc1c(F)c(c2sc(C)cc2)c(nn(CC(CCCCCC)CCCCCCCC)n3)c3c1c4sc(c5sc6c(c7c(F)c(F)c(CC(CCCC)CC)s7)c(ccs8)c8c(c9c(F)c(F)c(CC(CCCC)CC)s9)c6c5)cc4,"['FC1CC2NNNC2CC1F', 'Cc1cccs1', 'CCCCCCCCC(C)CCCCCC', 'c1ccsc1', 'c1cc2cc3sccc3cc2s1', 'Fc1cscc1F', 'CCCCC(C)CC', 'Fc1cscc1F', 'CCCCC(C)CC']",FC1CC2NNNC2CC1F;Cc1cccs1;CCCCCCCCC(C)CCCCCC;c1ccsc1;c1cc2cc3sccc3cc2s1;Fc1cscc1F;CCCCC(C)CC;Fc1cscc1F;CCCCC(C)CC
J81,Cc1sc(c(c(F)c(F)c2c3sc(c(c4)oc5c4c(c6sc([Si](CC)(CC)CC)cc6)c(occ7)c7c5c8sc([Si](CC)(CC)CC)cc8)cc3)c9c2nn(CC(CCCCCCCC)CCCCCC)n9)cc1,"['Cc1cccs1', 'FC1CC2NNNC2CC1F', 'c1ccsc1', 'c1cc2cc3occc3cc2o1', 'CC[Si](CC)(CC)c1cccs1', 'CC[Si](CC)(CC)c1cccs1', 'CCCCCCCCC(C)CCCCCC']",Cc1cccs1;FC1CC2NNNC2CC1F;c1ccsc1;c1cc2cc3occc3cc2o1;CC[Si](CC)(CC)c1cccs1;CC[Si](CC)(CC)c1cccs1;CCCCCCCCC(C)CCCCCC
PBQx-TF,Fc1c(CC(CC)CCCC)sc(c2c(sc(C)c3)c3c(c4sc(CC(CC)CCCC)c(F)c4)c5sc(c6sc(c7cc8c(c9sc(c%10cc(CC(CCCC)CCCCCC)cs%10)cc9[C@H]%11N=CC=N[C@H]8%11)s7)cc6CC(CCCCCC)CCCC)cc25)c1,"['Fc1ccsc1', 'CCCCC(C)CC', 'Cc1cc2cc3sccc3cc2s1', 'Fc1ccsc1', 'CCCCC(C)CC', 'c1ccsc1', 'C1=NC2c3ccsc3-c3sccc3C2N=C1', 'c1ccsc1', 'CCCCCCC(C)CCCC', 'CCCCCCC(C)CCCC']",Fc1ccsc1;CCCCC(C)CC;Cc1cc2cc3sccc3cc2s1;Fc1ccsc1;CCCCC(C)CC;c1ccsc1;C1=NC2c3ccsc3-c3sccc3C2N=C1;c1ccsc1;CCCCCCC(C)CCCC;CCCCCCC(C)CCCC
PTzBI-oF,Fc1c(C)sc(c2c(nn(CCC(CCCC)CC)n3)c3c(c4cc(F)c(c5sc6c(c7sc(CC(CCCC)CC)cc7)c(ccs8)c8c(c9sc(CC(CCCC)CC)cc9)c6c5)s4)c%10c2C(N(C%10=O)CCCCCCCC)=O)c1,"['Cc1sccc1F', 'O=C1NC(=O)C2CC3NNNC3CC12', 'CCCCC(CC)CC', 'Fc1ccsc1', 'c1cc2cc3sccc3cc2s1', 'c1ccsc1', 'CCCCC(C)CC', 'c1ccsc1', 'CCCCC(C)CC', 'CCCCCCCC']",Cc1sccc1F;O=C1NC(=O)C2CC3NNNC3CC12;CCCCC(CC)CC;Fc1ccsc1;c1cc2cc3sccc3cc2s1;c1ccsc1;CCCCC(C)CC;c1ccsc1;CCCCC(C)CC;CCCCCCCC
PTO2,CC1=CC2=C(S1)C(C3=CC(F)=C(CC(CC)CCCC)S3)=C4C(SC(C5=C(C(OCC)=O)C=C(C)S5)=C4)=C2C6=CC(F)=C(CC(CC)CCCC)S6,"['Cc1cc2cc3sccc3cc2s1', 'Fc1ccsc1', 'CCCCC(C)CC', 'Cc1cccs1', 'CCOC=O', 'Fc1ccsc1', 'CCCCC(C)CC']",Cc1cc2cc3sccc3cc2s1;Fc1ccsc1;CCCCC(C)CC;Cc1cccs1;CCOC=O;Fc1ccsc1;CCCCC(C)CC
PBDB-T-SF,Cc1ccc(c2sc(c3ccc(c(s4)cc5c4c(c6cc(F)c(SCC(CC)CCCC)s6)c(ccs7)c7c5c8sc(SCC(CC)CCCC)c(F)c8)s3)c(C(c9c(CC(CCCC)CC)sc(CC(CCCC)CC)c9%10)=O)c2C%10=O)s1,"['Cc1cccs1', 'O=C1c2cscc2C(=O)c2cscc21', 'c1ccsc1', 'c1cc2cc3sccc3cc2s1', 'Fc1ccsc1', 'CCCCC(CC)CS', 'Fc1ccsc1', 'CCCCC(CC)CS', 'CCCCC(C)CC', 'CCCCC(C)CC']",Cc1cccs1;O=C1c2cscc2C(=O)c2cscc21;c1ccsc1;c1cc2cc3sccc3cc2s1;Fc1ccsc1;CCCCC(CC)CS;Fc1ccsc1;CCCCC(CC)CS;CCCCC(C)CC;CCCCC(C)CC
TPD-3F,Cc1sc(c2c3c(C(N(C3=O)CCCCCCCC)=O)c(c4sc(c5sc6c(c7sc(CC(CCCCCC)CCCCCCCC)c(F)c7)c(ccs8)c8c(c9cc(F)c(CC(CCCCCC)CCCCCCCC)s9)c6c5)cc4)s2)cc1,"['Cc1cccs1', 'O=C1NC(=O)c2cscc21', 'CCCCCCCC', 'c1ccsc1', 'c1cc2cc3sccc3cc2s1', 'Fc1ccsc1', 'CCCCCCCCC(C)CCCCCC', 'Fc1ccsc1', 'CCCCCCCCC(C)CCCCCC']",Cc1cccs1;O=C1NC(=O)c2cscc21;CCCCCCCC;c1ccsc1;c1cc2cc3sccc3cc2s1;Fc1ccsc1;CCCCCCCCC(C)CCCCCC;Fc1ccsc1;CCCCCCCCC(C)CCCCCC
TPD-3,Cc1sc(c2c3c(C(N(C3=O)CCCCCCCC)=O)c(c4sc(c5sc6c(c7sc(CC(CCCCCC)CCCCCCCC)cc7)c(ccs8)c8c(c9ccc(CC(CCCCCC)CCCCCCCC)s9)c6c5)cc4)s2)cc1,"['Cc1cccs1', 'O=C1NC(=O)c2cscc21', 'CCCCCCCC', 'c1ccsc1', 'c1cc2cc3sccc3cc2s1', 'c1ccsc1', 'CCCCCCCCC(C)CCCCCC', 'c1ccsc1', 'CCCCCCCCC(C)CCCCCC']",Cc1cccs1;O=C1NC(=O)c2cscc21;CCCCCCCC;c1ccsc1;c1cc2cc3sccc3cc2s1;c1ccsc1;CCCCCCCCC(C)CCCCCC;c1ccsc1;CCCCCCCCC(C)CCCCCC
P-FP,CC(O1)=CC2=C1C(C3=CC(F)=C(CC(CCCC)CC)C(F)=C3)=C(C=C(C4=CC=C(C5=C(F)C(F)=C(C6=CC=C(C)S6)C7=NN(CC(CCCCCC)CCCCCCCC)N=C75)S4)O8)C8=C2C9=CC(F)=C(CC(CCCC)CC)C(F)=C9,"['Cc1cc2cc3occc3cc2o1', 'Fc1cccc(F)c1', 'CCCCC(C)CC', 'c1ccsc1', 'FC1CC2NNNC2CC1F', 'Cc1cccs1', 'CCCCCCCCC(C)CCCCCC', 'Fc1cccc(F)c1', 'CCCCC(C)CC']",Cc1cc2cc3occc3cc2o1;Fc1cccc(F)c1;CCCCC(C)CC;c1ccsc1;FC1CC2NNNC2CC1F;Cc1cccs1;CCCCCCCCC(C)CCCCCC;Fc1cccc(F)c1;CCCCC(C)CC
PBDTSF-TZNT,Fc1cc(c2c3cc(c4ccc(c(c5nn(CC(CCCC)CCCCCC)nc56)cc7c6cc(c8ccc(C)s8)c9nn(CC(CCCCCC)CCCC)nc79)s4)sc3c(c%10cc(F)c(SCC(CCCCCC)CCCC)s%10)c%11ccsc%112)sc1SCC(CCCCCC)CCCC,"['Fc1ccsc1', 'c1cc2cc3sccc3cc2s1', 'c1ccsc1', 'c1cc2c3c(ccc2c2c1N=NN=2)N=NN=3', 'CCCCCCC(C)CCCC', 'Cc1cccs1', 'CCCCCCC(C)CCCC', 'Fc1ccsc1', 'CCCCCCC(CS)CCCC', 'CCCCCCC(CS)CCCC']",Fc1ccsc1;c1cc2cc3sccc3cc2s1;c1ccsc1;c1cc2c3c(ccc2c2c1N=NN=2)N=NN=3;CCCCCCC(C)CCCC;Cc1cccs1;CCCCCCC(C)CCCC;Fc1ccsc1;CCCCCCC(CS)CCCC;CCCCCCC(CS)CCCC
PBDTS-TZNT,Cc1ccc(c2cc3c(c4nn(CC(CCCCCC)CCCC)nc42)cc(c5ccc(c6cc7c(c8sc(SCC(CCCCCC)CCCC)cc8)c9sccc9c(c%10ccc(SCC(CCCCCC)CCCC)s%10)c7s6)s5)c%11nn(CC(CCCC)CCCCCC)nc%113)s1,"['Cc1cccs1', 'c1cc2c3c(ccc2c2c1=NN=N2)=NN=N3', 'CCCCCCC(C)CCCC', 'c1ccsc1', 'c1cc2cc3sccc3cc2s1', 'c1ccsc1', 'CCCCCCC(CS)CCCC', 'c1ccsc1', 'CCCCCCC(CS)CCCC', 'CCCCCCC(C)CCCC']",Cc1cccs1;c1cc2c3c(ccc2c2c1=NN=N2)=NN=N3;CCCCCCC(C)CCCC;c1ccsc1;c1cc2cc3sccc3cc2s1;c1ccsc1;CCCCCCC(CS)CCCC;c1ccsc1;CCCCCCC(CS)CCCC;CCCCCCC(C)CCCC
PFBDB-T,CC1=CC2=C(C(C3=CC=C(S3)CC(CC)CCCC)=C4C=C(SC4=C2C5=CC=C(S5)CC(CC)CCCC)C6=C(F)C=C(S6)C7=C(C8=C(S7)C9=C(F)C=C(S9)C)C(C%10=C(SC(CC(CCCC)CC)=C%10C8=O)CC(CC)CCCC)=O)S1,"['Cc1cc2cc3sccc3cc2s1', 'c1ccsc1', 'CCCCC(C)CC', 'c1ccsc1', 'CCCCC(C)CC', 'Fc1ccsc1', 'O=C1c2cscc2C(=O)c2cscc21', 'Cc1cc(F)cs1', 'CCCCC(C)CC', 'CCCCC(C)CC']",Cc1cc2cc3sccc3cc2s1;c1ccsc1;CCCCC(C)CC;c1ccsc1;CCCCC(C)CC;Fc1ccsc1;O=C1c2cscc2C(=O)c2cscc21;Cc1cc(F)cs1;CCCCC(C)CC;CCCCC(C)CC
BDFPS-ffQx,Fc1c(c2ccc(c(s3)cc4c3c(c5ccc(CC(CC)CCCC)s5)c(ccs6)c6c4c7ccc(CC(CC)CCCC)s7)s2)c8nc(C9=CC=C(OCC(CCCC)CC)C(F)=C9)c(C%10=CC=C(OCC(CC)CCCC)C(F)=C%10)nc8c(c%11ccc(C)s%11)c1F,"['Fc1cc2nccnc2cc1F', 'c1ccsc1', 'c1cc2cc3sccc3cc2s1', 'c1ccsc1', 'CCCCC(C)CC', 'c1ccsc1', 'CCCCC(C)CC', 'Fc1ccccc1', 'CCCCC(CC)CO', 'Fc1ccccc1', 'CCCCC(CC)CO', 'Cc1cccs1']",Fc1cc2nccnc2cc1F;c1ccsc1;c1cc2cc3sccc3cc2s1;c1ccsc1;CCCCC(C)CC;c1ccsc1;CCCCC(C)CC;Fc1ccccc1;CCCCC(CC)CO;Fc1ccccc1;CCCCC(CC)CO;Cc1cccs1
EHFQx-T,Fc1c(c2ccc(c(s3)cc4c3c(c5ccc(CC(CC)CCCC)s5)c(ccs6)c6c4c7ccc(CC(CC)CCCC)s7)s2)c8nc(C9=CC=C(F)C(OCC(CCCC)CC)=C9)c(C%10=CC=C(F)C(OCC(CC)CCCC)=C%10)nc8c(c%11ccc(C)s%11)c1F,"['Fc1cc2nccnc2cc1F', 'c1ccsc1', 'c1cc2cc3sccc3cc2s1', 'c1ccsc1', 'CCCCC(C)CC', 'c1ccsc1', 'CCCCC(C)CC', 'Fc1ccccc1', 'CCCCC(CC)CO', 'Fc1ccccc1', 'CCCCC(CC)CO', 'Cc1cccs1']",Fc1cc2nccnc2cc1F;c1ccsc1;c1cc2cc3sccc3cc2s1;c1ccsc1;CCCCC(C)CC;c1ccsc1;CCCCC(C)CC;Fc1ccccc1;CCCCC(CC)CO;Fc1ccccc1;CCCCC(CC)CO;Cc1cccs1
TTFQx-T1,Fc1c(F)c(c2sc(C)cc2)c(nc(c3sc(CC(CCCC)CC)c(F)c3)c(c4sc(CC(CC)CCCC)c(F)c4)n5)c5c1c6sc(c7sc8c(c9sc(CC(CCCC)CC)cc9)c(ccs%10)c%10c(c%11sc(CC(CCCC)CC)cc%11)c8c7)cc6,"['Fc1cc2nccnc2cc1F', 'Cc1cccs1', 'Fc1ccsc1', 'CCCCC(C)CC', 'Fc1ccsc1', 'CCCCC(C)CC', 'c1ccsc1', 'c1cc2cc3sccc3cc2s1', 'c1ccsc1', 'CCCCC(C)CC', 'c1ccsc1', 'CCCCC(C)CC']",Fc1cc2nccnc2cc1F;Cc1cccs1;Fc1ccsc1;CCCCC(C)CC;Fc1ccsc1;CCCCC(C)CC;c1ccsc1;c1cc2cc3sccc3cc2s1;c1ccsc1;CCCCC(C)CC;c1ccsc1;CCCCC(C)CC
PTFB-O,Fc1c(F)c(c2sc(c3sc(c4c(F)c(F)c(c5sc(C)cc5)cc4)cc3)c(C(CC)CCCC)c2)c(nn(CCC)n6)c6c1c7cc(C(CCCC)CC)cs7,"['FC1CC2NNNC2CC1F', 'c1ccsc1', 'c1ccsc1', 'Fc1ccccc1F', 'Cc1cccs1', 'CCCCCCC', 'CCC', 'c1ccsc1', 'CCCCCCC']",FC1CC2NNNC2CC1F;c1ccsc1;c1ccsc1;Fc1ccccc1F;Cc1cccs1;CCCCCCC;CCC;c1ccsc1;CCCCCCC
PCE10-2Cl,Cc(sc1c(c2)sc3c2c(c4sc(CC(CCCC)CC)c(Cl)c4)c(scc5)c5c3c6sc(CC(CCCC)CC)c(Cl)c6)c7c1sc(C(OCC(CC)CCCC)=O)c7F,"['Cc1scc2scc(F)c12', 'c1cc2cc3sccc3cc2s1', 'Clc1ccsc1', 'CCCCC(C)CC', 'Clc1ccsc1', 'CCCCC(C)CC', 'CCCCC(CC)COC=O']",Cc1scc2scc(F)c12;c1cc2cc3sccc3cc2s1;Clc1ccsc1;CCCCC(C)CC;Clc1ccsc1;CCCCC(C)CC;CCCCC(CC)COC=O
PCE10-2F,Cc1c2c(F)c(C(OCC(CCCC)CC)=O)sc2c(c3sc4c(c5cc(F)c(CC(CC)CCCC)s5)c6ccsc6c(c7cc(F)c(CC(CC)CCCC)s7)c4c3)s1,"['Cc1scc2scc(F)c12', 'CCCCC(CC)COC=O', 'c1cc2cc3sccc3cc2s1', 'Fc1ccsc1', 'CCCCC(C)CC', 'Fc1ccsc1', 'CCCCC(C)CC']",Cc1scc2scc(F)c12;CCCCC(CC)COC=O;c1cc2cc3sccc3cc2s1;Fc1ccsc1;CCCCC(C)CC;Fc1ccsc1;CCCCC(C)CC
PCE10-SF,Cc1c2c(F)c(C(OCC(CCCC)CC)=O)sc2c(c3sc4c(c5cc(F)c(SC(CC)CCCC)s5)c6ccsc6c(c7cc(F)c(SC(CC)CCCC)s7)c4c3)s1,"['Cc1scc2scc(F)c12', 'CCCCC(CC)COC=O', 'c1cc2cc3sccc3cc2s1', 'Fc1ccsc1', 'CCCCC(S)CC', 'Fc1ccsc1', 'CCCCC(S)CC']",Cc1scc2scc(F)c12;CCCCC(CC)COC=O;c1cc2cc3sccc3cc2s1;Fc1ccsc1;CCCCC(S)CC;Fc1ccsc1;CCCCC(S)CC
PBFSF,Fc1cc(c2sc(c3c([Si]4(CC(CCCC)CC)CC(CCCC)CC)cc(c(cc(F)c5C)c6c5nsn6)s3)c4c2)c(nsn7)c7c1c8sc9c(c%10sc(CC(CCCC)CCCCCC)cc%10)c(ccs%11)c%11c(c%12sc(CC(CCCCCC)CCCC)cc%12)c9c8,"['Fc1ccc2nsnc2c1', 'CCCCC(CC)C[Si]1(CC(CC)CCCC)c2ccsc2-c2sccc21', 'Cc1c(F)ccc2nsnc12', 'c1cc2cc3sccc3cc2s1', 'c1ccsc1', 'CCCCCCC(C)CCCC', 'c1ccsc1', 'CCCCCCC(C)CCCC']",Fc1ccc2nsnc2c1;CCCCC(CC)C[Si]1(CC(CC)CCCC)c2ccsc2-c2sccc21;Cc1c(F)ccc2nsnc12;c1cc2cc3sccc3cc2s1;c1ccsc1;CCCCCCC(C)CCCC;c1ccsc1;CCCCCCC(C)CCCC
P-P,Fc1c(F)c(c2sc(C)cc2)c(nn(CC(CCCCCC)CCCCCCCC)n3)c3c1c4sc(c5oc6c(c7ccc(CC(CC)CCCC)cc7)c(cco8)c8c(c9ccc(CC(CCCC)CC)cc9)c6c5)cc4,"['FC1CC2NNNC2CC1F', 'Cc1cccs1', 'CCCCCCCCC(C)CCCCCC', 'c1ccsc1', 'c1cc2cc3occc3cc2o1', 'c1ccccc1', 'CCCCC(C)CC', 'c1ccccc1', 'CCCCC(C)CC']",FC1CC2NNNC2CC1F;Cc1cccs1;CCCCCCCCC(C)CCCCCC;c1ccsc1;c1cc2cc3occc3cc2o1;c1ccccc1;CCCCC(C)CC;c1ccccc1;CCCCC(C)CC
PBDT-2TC,Cc1ccc(c2sc(c3sc4c(c5ccc(CC(CCCC)CC)s5)c6ccsc6c(c7ccc(CC(CCCC)CC)s7)c4c3)cc2C(OCC(CCCC)CCCCCC)=O)s1,"['Cc1cccs1', 'c1ccsc1', 'c1cc2cc3sccc3cc2s1', 'c1ccsc1', 'CCCCC(C)CC', 'c1ccsc1', 'CCCCC(C)CC', 'CCCCCCC(CCCC)COC=O']",Cc1cccs1;c1ccsc1;c1cc2cc3sccc3cc2s1;c1ccsc1;CCCCC(C)CC;c1ccsc1;CCCCC(C)CC;CCCCCCC(CCCC)COC=O
2D-PBTCl,CC1=CC2=C(C3=C(C(C4=CC=C(S4)CC(CCCC)CC)=C2S1)C=C(S3)C5=C6C(C(F)=C(C7=CC=C(C(OCC(CC)CCCC)=O)S7)S6)=C(S5)C)C8=CC=C(S8)CC(CCCC)CC,"['Cc1cc2cc3sccc3cc2s1', 'c1ccsc1', 'CCCCC(C)CC', 'Cc1scc2scc(F)c12', 'c1ccsc1', 'CCCCC(CC)COC=O', 'c1ccsc1', 'CCCCC(C)CC']",Cc1cc2cc3sccc3cc2s1;c1ccsc1;CCCCC(C)CC;Cc1scc2scc(F)c12;c1ccsc1;CCCCC(CC)COC=O;c1ccsc1;CCCCC(C)CC
P5T-2F,O=C(c1c2c(c3sc(c4sc(C)c(F)c4)cc3)sc1c5sc(c6scc(F)c6)cc5)c7c(CC(CCCCCCCC)CCCCCCCCCC)sc(CC(CCCCCCCCCC)CCCCCCCC)c7C2=O,"['O=C1c2cscc2C(=O)c2cscc21', 'c1ccsc1', 'Cc1sccc1F', 'c1ccsc1', 'Fc1ccsc1', 'CCCCCCCCCCC(C)CCCCCCCC', 'CCCCCCCCCCC(C)CCCCCCCC']",O=C1c2cscc2C(=O)c2cscc21;c1ccsc1;Cc1sccc1F;c1ccsc1;Fc1ccsc1;CCCCCCCCCCC(C)CCCCCCCC;CCCCCCCCCCC(C)CCCCCCCC
PBCT-2F,Cc1c(CCCCCCCC)cc(c2sc(c3sc(c(c4)sc5c4c(c6sc(CC(CCCC)CC)c(F)c6)c(scc7)c7c5c8sc(CC(CCCC)CC)c(F)c8)c(CCCCCCCC)c3)c(C#N)c2)s1,"['Cc1cccs1', 'CCCCCCCC', 'N#Cc1ccsc1', 'c1ccsc1', 'c1cc2cc3sccc3cc2s1', 'Fc1ccsc1', 'CCCCC(C)CC', 'Fc1ccsc1', 'CCCCC(C)CC', 'CCCCCCCC']",Cc1cccs1;CCCCCCCC;N#Cc1ccsc1;c1ccsc1;c1cc2cc3sccc3cc2s1;Fc1ccsc1;CCCCC(C)CC;Fc1ccsc1;CCCCC(C)CC;CCCCCCCC
PTQ11,Fc1c(F)c(c2sc(C)cc2)c3nc(C)c(OCC(CCCCCC)CCCCCCCC)nc3c1,"['Cc1cnc2cc(F)c(F)cc2n1', 'Cc1cccs1', 'CCCCCCCCC(CO)CCCCCC']",Cc1cnc2cc(F)c(F)cc2n1;Cc1cccs1;CCCCCCCCC(CO)CCCCCC
W1,Cc1sc(c2c(OCCCCCCCC)c(OCCCCCCCC)c(c3sc(c(c4)sc5c4c(c6sc(CC(CCCC)CC)c(F)c6)c(scc7)c7c5c8sc(CC(CC)CCCC)c(F)c8)cc3)c(F)c2F)cc1,"['Cc1cccs1', 'Fc1ccccc1F', 'CCCCCCCCO', 'CCCCCCCCO', 'c1ccsc1', 'c1cc2cc3sccc3cc2s1', 'Fc1ccsc1', 'CCCCC(C)CC', 'Fc1ccsc1', 'CCCCC(C)CC']",Cc1cccs1;Fc1ccccc1F;CCCCCCCCO;CCCCCCCCO;c1ccsc1;c1cc2cc3sccc3cc2s1;Fc1ccsc1;CCCCC(C)CC;Fc1ccsc1;CCCCC(C)CC
Qx-12F,Cc1sc(c(c(F)c(F)c2c3sc(c(c4)sc5c4c(c6sc(CC(CCCC)CC)c(F)c6)c(scc7)c7c5c8sc(CC(CCCC)CC)c(F)c8)cc3)c9c2nc(c%10c(F)c(F)c(OCC(CCCC)CC)c(F)c%10F)c(c%11c(F)c(F)c(OCC(CCCC)CC)c(F)c%11F)n9)cc1,"['Cc1cccs1', 'Fc1cc2nccnc2cc1F', 'c1ccsc1', 'c1cc2cc3sccc3cc2s1', 'Fc1ccsc1', 'CCCCC(C)CC', 'Fc1ccsc1', 'CCCCC(C)CC', 'Fc1cc(F)c(F)cc1F', 'CCCCC(CC)CO', 'Fc1cc(F)c(F)cc1F', 'CCCCC(CC)CO']",Cc1cccs1;Fc1cc2nccnc2cc1F;c1ccsc1;c1cc2cc3sccc3cc2s1;Fc1ccsc1;CCCCC(C)CC;Fc1ccsc1;CCCCC(C)CC;Fc1cc(F)c(F)cc1F;CCCCC(CC)CO;Fc1cc(F)c(F)cc1F;CCCCC(CC)CO
PTPD,Cc1sc(c2c3c(C(N(C3=O)CC(CCCCCC)CCCCCCCC)=O)c(c4sc(c5sc6c(c7sc(CCCCCCCC)cc7)c(ccs8)c8c(c9sc(CCCCCCCC)cc9)c6c5)cc4)s2)cc1,"['Cc1cccs1', 'O=C1NC(=O)c2cscc21', 'CCCCCCCCC(C)CCCCCC', 'c1ccsc1', 'c1cc2cc3sccc3cc2s1', 'c1ccsc1', 'CCCCCCCC', 'c1ccsc1', 'CCCCCCCC']",Cc1cccs1;O=C1NC(=O)c2cscc21;CCCCCCCCC(C)CCCCCC;c1ccsc1;c1cc2cc3sccc3cc2s1;c1ccsc1;CCCCCCCC;c1ccsc1;CCCCCCCC
PBB-Cl,Clc1c(CC(CCCCCCCCCC)CCCCCCCC)sc(c2c(sc(C)c3)c3c(c4sc(CC(CCCCCCCCCC)CCCCCCCC)c(Cl)c4)c5sc(c6sc(c7sc8c(c9sc(CC(CCCCCCCC)CCCCCCCCCC)cc9)c(nc(c%10sccc%10)s%11)c%11c(c%12sc(CC(CCCCCCCC)CCCCCCCCCC)cc%12)c8n7)cc6)cc25)c1,"['Clc1ccsc1', 'CCCCCCCCCCC(C)CCCCCCCC', 'Cc1cc2cc3sccc3cc2s1', 'Clc1ccsc1', 'CCCCCCCCCCC(C)CCCCCCCC', 'c1ccsc1', 'c1nc2cc3scnc3cc2s1', 'c1ccsc1', 'CCCCCCCCCCC(C)CCCCCCCC', 'c1ccsc1', 'c1ccsc1', 'CCCCCCCCCCC(C)CCCCCCCC']",Clc1ccsc1;CCCCCCCCCCC(C)CCCCCCCC;Cc1cc2cc3sccc3cc2s1;Clc1ccsc1;CCCCCCCCCCC(C)CCCCCCCC;c1ccsc1;c1nc2cc3scnc3cc2s1;c1ccsc1;CCCCCCCCCCC(C)CCCCCCCC;c1ccsc1;c1ccsc1;CCCCCCCCCCC(C)CCCCCCCC
PBB-F,Fc1c(CC(CCCCCCCCCC)CCCCCCCC)sc(c2c(sc(C)c3)c3c(c4sc(CC(CCCCCCCCCC)CCCCCCCC)c(F)c4)c5sc(c6sc(c7sc8c(c9sc(CC(CCCCCCCC)CCCCCCCCCC)cc9)c(nc(c%10sccc%10)s%11)c%11c(c%12sc(CC(CCCCCCCC)CCCCCCCCCC)cc%12)c8n7)cc6)cc25)c1,"['Fc1ccsc1', 'CCCCCCCCCCC(C)CCCCCCCC', 'Cc1cc2cc3sccc3cc2s1', 'Fc1ccsc1', 'CCCCCCCCCCC(C)CCCCCCCC', 'c1ccsc1', 'c1nc2cc3scnc3cc2s1', 'c1ccsc1', 'CCCCCCCCCCC(C)CCCCCCCC', 'c1ccsc1', 'c1ccsc1', 'CCCCCCCCCCC(C)CCCCCCCC']",Fc1ccsc1;CCCCCCCCCCC(C)CCCCCCCC;Cc1cc2cc3sccc3cc2s1;Fc1ccsc1;CCCCCCCCCCC(C)CCCCCCCC;c1ccsc1;c1nc2cc3scnc3cc2s1;c1ccsc1;CCCCCCCCCCC(C)CCCCCCCC;c1ccsc1;c1ccsc1;CCCCCCCCCCC(C)CCCCCCCC
PBBSe-Cl,Clc1c(CC(CCCCCCCCCC)CCCCCCCC)sc(c2c(sc(C)c3)c3c(c4sc(CC(CCCCCCCCCC)CCCCCCCC)c(Cl)c4)c5sc(c6[se]c(c7sc8c(c9sc(CC(CCCCCCCC)CCCCCCCCCC)cc9)c(nc(c%10[se]ccc%10)s%11)c%11c(c%12sc(CC(CCCCCCCC)CCCCCCCCCC)cc%12)c8n7)cc6)cc25)c1,"['Clc1ccsc1', 'CCCCCCCCCCC(C)CCCCCCCC', 'Cc1cc2cc3sc(-c4ccc(-c5nc6cc7sc(-c8ccc[se]8)nc7cc6s5)[se]4)cc3cc2s1', 'Clc1ccsc1', 'CCCCCCCCCCC(C)CCCCCCCC', 'c1ccsc1', 'CCCCCCCCCCC(C)CCCCCCCC', 'c1ccsc1', 'CCCCCCCCCCC(C)CCCCCCCC']",Clc1ccsc1;CCCCCCCCCCC(C)CCCCCCCC;Cc1cc2cc3sc(-c4ccc(-c5nc6cc7sc(-c8ccc[se]8)nc7cc6s5)[se]4)cc3cc2s1;Clc1ccsc1;CCCCCCCCCCC(C)CCCCCCCC;c1ccsc1;CCCCCCCCCCC(C)CCCCCCCC;c1ccsc1;CCCCCCCCCCC(C)CCCCCCCC
PDTB-EF-T,Cc1sc(c2c(C(OCCCCCCCCCC)=O)cc(c(c3)sc4c3c(c5sc(SCC(CCCC)CC)c(F)c5)c(sc(c6sc(C)c(C(OCCCCCCCCCC)=O)c6)c7)c7c4c8sc(SCC(CCCC)CC)c(F)c8)s2)cc1,"['Cc1cccs1', 'c1ccsc1', 'CCCCCCCCCCOC=O', 'c1cc2cc3sccc3cc2s1', 'Fc1ccsc1', 'CCCCC(CC)CS', 'Cc1cccs1', 'CCCCCCCCCCOC=O', 'Fc1ccsc1', 'CCCCC(CC)CS']",Cc1cccs1;c1ccsc1;CCCCCCCCCCOC=O;c1cc2cc3sccc3cc2s1;Fc1ccsc1;CCCCC(CC)CS;Cc1cccs1;CCCCCCCCCCOC=O;Fc1ccsc1;CCCCC(CC)CS
PbiTPD,Cc(c1)sc2c1c(c3sc(CCCCCCCC)cc3)c(sc(c4sc(c5c(C(N(C6=O)CC(CCCCCC)CCCCCCCC)=O)c6c(c7c(C(N(C8=O)CC(CCCCCCCC)CCCCCC)=O)c8c(c9sccc9)s7)s5)cc4)c%10)c%10c2c%11sc(CCCCCCCC)cc%11,"['Cc1cc2cc3sccc3cc2s1', 'c1ccsc1', 'CCCCCCCC', 'c1ccsc1', 'O=C1NC(=O)c2cscc21', 'CCCCCCCCC(C)CCCCCC', 'O=C1NC(=O)c2cscc21', 'CCCCCCCCC(C)CCCCCC', 'c1ccsc1', 'c1ccsc1', 'CCCCCCCC']",Cc1cc2cc3sccc3cc2s1;c1ccsc1;CCCCCCCC;c1ccsc1;O=C1NC(=O)c2cscc21;CCCCCCCCC(C)CCCCCC;O=C1NC(=O)c2cscc21;CCCCCCCCC(C)CCCCCC;c1ccsc1;c1ccsc1;CCCCCCCC
PBDE-DFDT,Cc1sc(c2sc(c3c(F)cc(c4c(C(OCC(CCCC)CCCCCC)=O)cc(c(c5)sc6c5c(c7sc(CC(CCCC)CC)cc7)c(scc8)c8c6c9sc(CC(CCCC)CC)cc9)s4)s3)c(F)c2)c(C(OCC(CCCC)CCCCCC)=O)c1,"['Cc1cccs1', 'Fc1ccsc1', 'Fc1ccsc1', 'c1ccsc1', 'CCCCCCC(CCCC)COC=O', 'c1cc2cc3sccc3cc2s1', 'c1ccsc1', 'CCCCC(C)CC', 'c1ccsc1', 'CCCCC(C)CC', 'CCCCCCC(CCCC)COC=O']",Cc1cccs1;Fc1ccsc1;Fc1ccsc1;c1ccsc1;CCCCCCC(CCCC)COC=O;c1cc2cc3sccc3cc2s1;c1ccsc1;CCCCC(C)CC;c1ccsc1;CCCCC(C)CC;CCCCCCC(CCCC)COC=O
PE4,Cc1ccc(c2sc(c3sc4c(c5cc(F)c(SCC(CC)CCCC)s5)c6cc(c7cc(C(OCCCCCCCC)=O)c(C)s7)sc6c(c8cc(F)c(SCC(CC)CCCC)s8)c4c3)cc2C(OCCCCCCCC)=O)s1,"['Cc1cccs1', 'c1ccsc1', 'c1cc2cc3sccc3cc2s1', 'Fc1ccsc1', 'CCCCC(CC)CS', 'Cc1cccs1', 'CCCCCCCCOC=O', 'Fc1ccsc1', 'CCCCC(CC)CS', 'CCCCCCCCOC=O']",Cc1cccs1;c1ccsc1;c1cc2cc3sccc3cc2s1;Fc1ccsc1;CCCCC(CC)CS;Cc1cccs1;CCCCCCCCOC=O;Fc1ccsc1;CCCCC(CC)CS;CCCCCCCCOC=O
PBTA-PSF,Fc1c(F)c(c2sc(C)cc2)c(nn(CC(CCCCCC)CCCCCCCC)n3)c3c1c4sc(c5sc6c(c7cc(F)c(SCC(CCCCCCCC)CCCCCC)cc7)c(ccs8)c8c(c9cc(F)c(SCC(CCCCCC)CCCCCCCC)cc9)c6c5)cc4,"['FC1CC2NNNC2CC1F', 'Cc1cccs1', 'CCCCCCCCC(C)CCCCCC', 'c1ccsc1', 'c1cc2cc3sccc3cc2s1', 'Fc1ccccc1', 'CCCCCCCCC(CS)CCCCCC', 'Fc1ccccc1', 'CCCCCCCCC(CS)CCCCCC']",FC1CC2NNNC2CC1F;Cc1cccs1;CCCCCCCCC(C)CCCCCC;c1ccsc1;c1cc2cc3sccc3cc2s1;Fc1ccccc1;CCCCCCCCC(CS)CCCCCC;Fc1ccccc1;CCCCCCCCC(CS)CCCCCC
m-PBDTPS-FTAZ,Fc1c(F)c(c2sc(C)cc2)c(nn(CC(CCCCCCCC)CCCCCC)n3)c3c1c4sc(c5sc6c(c7cc(SCC(CC)CCCC)ccc7)c(ccs8)c8c(c9cc(SCC(CCCC)CC)ccc9)c6c5)cc4,"['FC1CC2NNNC2CC1F', 'Cc1cccs1', 'CCCCCCCCC(C)CCCCCC', 'c1ccsc1', 'c1cc2cc3sccc3cc2s1', 'c1ccccc1', 'CCCCC(CC)CS', 'c1ccccc1', 'CCCCC(CC)CS']",FC1CC2NNNC2CC1F;Cc1cccs1;CCCCCCCCC(C)CCCCCC;c1ccsc1;c1cc2cc3sccc3cc2s1;c1ccccc1;CCCCC(CC)CS;c1ccccc1;CCCCC(CC)CS
PBDB-TSCl,Cc1sc(c2c3c(C(c4c(C3=O)c(CC(CCCC)CC)sc4CC(CCCC)CC)=O)c(c5sc(c6sc7c(c8sc(SCC(CCCC)CC)c(Cl)c8)c(ccs9)c9c(c%10cc(Cl)c(SCC(CCCC)CC)s%10)c7c6)cc5)s2)cc1,"['Cc1cccs1', 'O=C1c2cscc2C(=O)c2cscc21', 'CCCCC(C)CC', 'CCCCC(C)CC', 'c1ccsc1', 'c1cc2cc3sccc3cc2s1', 'Clc1ccsc1', 'CCCCC(CC)CS', 'Clc1ccsc1', 'CCCCC(CC)CS']",Cc1cccs1;O=C1c2cscc2C(=O)c2cscc21;CCCCC(C)CC;CCCCC(C)CC;c1ccsc1;c1cc2cc3sccc3cc2s1;Clc1ccsc1;CCCCC(CC)CS;Clc1ccsc1;CCCCC(CC)CS
PBN-S,O=C(c1c2c(c3sccc3)sc1c4sc(c(c5)sc6c5c(c7sc(CC(CC)CCCC)c(F)c7)c(sc(c8sc(C)cc8)c9)c9c6c%10sc(CC(CCCC)CC)c(F)c%10)cc4)c%11cc(SCC(CCCC)CC)c(SCC(CCCC)CC)cc%11C2=O,"['O=C1c2ccccc2C(=O)c2cscc21', 'c1ccsc1', 'c1ccsc1', 'c1cc2cc3sccc3cc2s1', 'Fc1ccsc1', 'CCCCC(C)CC', 'Cc1cccs1', 'Fc1ccsc1', 'CCCCC(C)CC', 'CCCCC(CC)CS', 'CCCCC(CC)CS']",O=C1c2ccccc2C(=O)c2cscc21;c1ccsc1;c1ccsc1;c1cc2cc3sccc3cc2s1;Fc1ccsc1;CCCCC(C)CC;Cc1cccs1;Fc1ccsc1;CCCCC(C)CC;CCCCC(CC)CS;CCCCC(CC)CS
J71-Cl,CC1=CC2=C(C(C3=CC(Cl)=C(S3)[Si](CCC)(CCC)CCC)=C4C=C(SC4=C2C5=CC(Cl)=C(S5)[Si](CCC)(CCC)CCC)C6=CC=C(S6)C7=C(C(F)=C(C8=NN(N=C87)CC(CCCCCCCC)CCCCCC)C9=CC=C(S9)C)F)S1,"['Cc1cc2cc3sccc3cc2s1', 'CCC[Si](CCC)(CCC)c1sccc1Cl', 'CCC[Si](CCC)(CCC)c1sccc1Cl', 'c1ccsc1', 'FC1CC2NNNC2CC1F', 'CCCCCCCCC(C)CCCCCC', 'Cc1cccs1']",Cc1cc2cc3sccc3cc2s1;CCC[Si](CCC)(CCC)c1sccc1Cl;CCC[Si](CCC)(CCC)c1sccc1Cl;c1ccsc1;FC1CC2NNNC2CC1F;CCCCCCCCC(C)CCCCCC;Cc1cccs1
PBDTS-TDZ,Cc1c(CCCCCCCC)sc(c2sc(c3cc(CCCCCCCC)c(c4sc5c(c6sc(C7=CC=C(SCC(CCCCCC)CCCC)S7)cc6)c(ccs8)c8c(c9sc(C%10=CC=C(SCC(CCCCCC)CCCC)S%10)cc9)c5c4)s3)nn2)c1,"['Cc1ccsc1', 'CCCCCCCC', 'c1nncs1', 'c1ccsc1', 'CCCCCCCC', 'c1cc2cc3sccc3cc2s1', 'c1ccsc1', 'c1ccsc1', 'CCCCCCC(CS)CCCC', 'c1ccsc1', 'c1ccsc1', 'CCCCCCC(CS)CCCC']",Cc1ccsc1;CCCCCCCC;c1nncs1;c1ccsc1;CCCCCCCC;c1cc2cc3sccc3cc2s1;c1ccsc1;c1ccsc1;CCCCCCC(CS)CCCC;c1ccsc1;c1ccsc1;CCCCCCC(CS)CCCC
Qx-10F,Cc1ccc(c2c3nc(c4c(F)c(F)c(OCC(CC)CCCC)c(F)c4F)c(c5c(F)c(F)c(OCC(CC)CCCC)c(F)c5F)nc3c(c6ccc(c7sc8c(c9ccc(CC(CC)CCCC)s9)c%10ccsc%10c(c%11ccc(CC(CC)CCCC)s%11)c8c7)s6)c(F)c2F)s1,"['Cc1cccs1', 'Fc1cc2nccnc2cc1F', 'Fc1cc(F)c(F)cc1F', 'CCCCC(CC)CO', 'Fc1cc(F)c(F)cc1F', 'CCCCC(CC)CO', 'c1ccsc1', 'c1cc2cc3sccc3cc2s1', 'c1ccsc1', 'CCCCC(C)CC', 'c1ccsc1', 'CCCCC(C)CC']",Cc1cccs1;Fc1cc2nccnc2cc1F;Fc1cc(F)c(F)cc1F;CCCCC(CC)CO;Fc1cc(F)c(F)cc1F;CCCCC(CC)CO;c1ccsc1;c1cc2cc3sccc3cc2s1;c1ccsc1;CCCCC(C)CC;c1ccsc1;CCCCC(C)CC
PBT1-C-2Cl,CC1=CC2=C(C(C3=CC=C(CC(CCCCCC)CCCC)C=C3)=C4C=C(SC4=C2C5=CC=C(CC(CCCCCC)CCCC)C=C5)C6=CC(Cl)=C(S6)C7=C(C8=C(S7)C9=CC(Cl)=C(S9)C)C(C%10=C(SC(CC(CCCC)CC)=C%10C8=O)CC(CC)CCCC)=O)S1,"['Cc1cc2cc3sccc3cc2s1', 'c1ccccc1', 'CCCCCCC(C)CCCC', 'c1ccccc1', 'CCCCCCC(C)CCCC', 'Clc1ccsc1', 'O=C1c2cscc2C(=O)c2cscc21', 'Cc1sccc1Cl', 'CCCCC(C)CC', 'CCCCC(C)CC']",Cc1cc2cc3sccc3cc2s1;c1ccccc1;CCCCCCC(C)CCCC;c1ccccc1;CCCCCCC(C)CCCC;Clc1ccsc1;O=C1c2cscc2C(=O)c2cscc21;Cc1sccc1Cl;CCCCC(C)CC;CCCCC(C)CC
PBT1-C-2Cl,CC1=CC2=C(C(C3=CC=C(CC(CCCCCC)CCCC)C=C3)=C4C=C(SC4=C2C5=CC=C(CC(CCCCCC)CCCC)C=C5)C6=CC(Cl)=C(S6)C7=C(C8=C(S7)C9=CC(Cl)=C(S9)C)C(C%10=C(SC(CC(CCCC)CC)=C%10C8=O)CC(CC)CCCC)=O)S1,"['Cc1cc2cc3sccc3cc2s1', 'c1ccccc1', 'CCCCCCC(C)CCCC', 'c1ccccc1', 'CCCCCCC(C)CCCC', 'Clc1ccsc1', 'O=C1c2cscc2C(=O)c2cscc21', 'Cc1sccc1Cl', 'CCCCC(C)CC', 'CCCCC(C)CC']",Cc1cc2cc3sccc3cc2s1;c1ccccc1;CCCCCCC(C)CCCC;c1ccccc1;CCCCCCC(C)CCCC;Clc1ccsc1;O=C1c2cscc2C(=O)c2cscc21;Cc1sccc1Cl;CCCCC(C)CC;CCCCC(C)CC
PDBT-Cl,Cc1sc(c2c3c(C(c4c(C3=O)c(CC(CC)CCCC)sc4CC(CCCC)CC)=O)c(c5sc(c6sc7c8c(c9sc(CC(CCCC)CC)c(Cl)c9)c(sc%10c%11scc%10)c%11c(c%12cc(Cl)c(CC(CCCC)CC)s%12)c8sc7c6)cc5)s2)cc1,"['Cc1cccs1', 'O=C1c2cscc2C(=O)c2cscc21', 'CCCCC(C)CC', 'CCCCC(C)CC', 'c1ccsc1', 'c1cc2sc3cc4c(cc3c2s1)sc1ccsc14', 'Clc1ccsc1', 'CCCCC(C)CC', 'Clc1ccsc1', 'CCCCC(C)CC']",Cc1cccs1;O=C1c2cscc2C(=O)c2cscc21;CCCCC(C)CC;CCCCC(C)CC;c1ccsc1;c1cc2sc3cc4c(cc3c2s1)sc1ccsc14;Clc1ccsc1;CCCCC(C)CC;Clc1ccsc1;CCCCC(C)CC
PCl(4)BDB-T,CC1=CC2=C(C(C3=CC=C(S3)CC(CC)CCCC)=C4C=C(SC4=C2C5=CC=C(S5)CC(CC)CCCC)C6=CC(Cl)=C(S6)C7=C(C8=C(S7)C9=CC(Cl)=C(S9)C)C(C%10=C(SC(CC(CCCC)CC)=C%10C8=O)CC(CC)CCCC)=O)S1,"['Cc1cc2cc3sccc3cc2s1', 'c1ccsc1', 'CCCCC(C)CC', 'c1ccsc1', 'CCCCC(C)CC', 'Clc1ccsc1', 'O=C1c2cscc2C(=O)c2cscc21', 'Cc1sccc1Cl', 'CCCCC(C)CC', 'CCCCC(C)CC']",Cc1cc2cc3sccc3cc2s1;c1ccsc1;CCCCC(C)CC;c1ccsc1;CCCCC(C)CC;Clc1ccsc1;O=C1c2cscc2C(=O)c2cscc21;Cc1sccc1Cl;CCCCC(C)CC;CCCCC(C)CC
J11,CC1=CC2=C(C(C3=CC(CCCCCC)=C(Cl)S3)=C4C=C(SC4=C2C5=CC(CCCCCC)=C(Cl)S5)C6=CC=C(S6)C7=C(C(F)=C(C8=NN(N=C87)CC(CCCCCCCC)CCCCCC)C9=CC=C(S9)C)F)S1,"['Cc1cc2cc3sccc3cc2s1', 'Clc1cccs1', 'CCCCCC', 'Clc1cccs1', 'CCCCCC', 'c1ccsc1', 'FC1CC2NNNC2CC1F', 'CCCCCCCCC(C)CCCCCC', 'Cc1cccs1']",Cc1cc2cc3sccc3cc2s1;Clc1cccs1;CCCCCC;Clc1cccs1;CCCCCC;c1ccsc1;FC1CC2NNNC2CC1F;CCCCCCCCC(C)CCCCCC;Cc1cccs1
PBDTS-Se-TAZ,Fc1c(c2ccc(c(s3)cc4c3c(c5ccc(SCC(CCCCCC)CCCCCCCC)[se]5)c(ccs6)c6c4c7ccc(SCC(CCCCCCCC)CCCCCC)[se]7)s2)c8nn(CCCCCCCC)nc8c(c9ccc(C)s9)c1F,"['FC1CC2NNNC2CC1F', 'c1ccsc1', 'CCCCCCCCC(CCCCCC)CSc1ccc(-c2c3ccsc3c(-c3ccc(SCC(CCCCCC)CCCCCCCC)[se]3)c3ccsc23)[se]1', 'CCCCCCCC', 'Cc1cccs1']",FC1CC2NNNC2CC1F;c1ccsc1;CCCCCCCCC(CCCCCC)CSc1ccc(-c2c3ccsc3c(-c3ccc(SCC(CCCCCC)CCCCCCCC)[se]3)c3ccsc23)[se]1;CCCCCCCC;Cc1cccs1
PTBB-m,Cc1sc(c2c3c(C(c4c(C3=O)c(CC(CCCCCC)CCCC)sc4CC(CCCC)CCCCCC)=O)c(c5sc(c6sc7c(c8cc(SCC(CCCC)CC)ccc8)c(ccs9)c9c(c%10cc(SCC(CCCC)CC)ccc%10)c7c6)cc5)s2)cc1,"['Cc1cccs1', 'O=C1c2cscc2C(=O)c2cscc21', 'CCCCCCC(C)CCCC', 'CCCCCCC(C)CCCC', 'c1ccsc1', 'c1cc2cc3sccc3cc2s1', 'c1ccccc1', 'CCCCC(CC)CS', 'c1ccccc1', 'CCCCC(CC)CS']",Cc1cccs1;O=C1c2cscc2C(=O)c2cscc21;CCCCCCC(C)CCCC;CCCCCCC(C)CCCC;c1ccsc1;c1cc2cc3sccc3cc2s1;c1ccccc1;CCCCC(CC)CS;c1ccccc1;CCCCC(CC)CS
PBDB-BzT,CC1=CC2=C(C(C3=CC4=C(C=C(C(CCCC)CCCCCC)C=C4)S3)=C5C=C(SC5=C2C6=CC7=C(C=C(C(CCCCCC)CCCC)C=C7)S6)C8=CC=C(S8)C9=C(C%10=C(S9)C%11=CC=C(S%11)C)C(C%12=C(SC(CC(CCCC)CC)=C%12C%10=O)CC(CC)CCCC)=O)S1,"['Cc1cc2cc3sccc3cc2s1', 'c1ccc2sccc2c1', 'CCCCCCCCCCC', 'c1ccc2sccc2c1', 'CCCCCCCCCCC', 'c1ccsc1', 'O=C1c2cscc2C(=O)c2cscc21', 'Cc1cccs1', 'CCCCC(C)CC', 'CCCCC(C)CC']",Cc1cc2cc3sccc3cc2s1;c1ccc2sccc2c1;CCCCCCCCCCC;c1ccc2sccc2c1;CCCCCCCCCCC;c1ccsc1;O=C1c2cscc2C(=O)c2cscc21;Cc1cccs1;CCCCC(C)CC;CCCCC(C)CC
PBTIBDTT,O=c1n(CC(CCCCCCCC)CCCCCC)c(=O)c(cc(c2c(CCCCCCCCCC)cc(C)s2)s3)c3c4sc(c5sc(c6sc7c(c8sc(CC(CCCC)CC)cc8)c(ccs9)c9c(c%10sc(CC(CCCC)CC)cc%10)c7c6)cc5CCCCCCCCCC)cc14,"['O=C1NC(=O)C2CCSC2C2SCCC12', 'CCCCCCCCC(C)CCCCCC', 'Cc1cccs1', 'CCCCCCCCCC', 'c1ccsc1', 'c1cc2cc3sccc3cc2s1', 'c1ccsc1', 'CCCCC(C)CC', 'c1ccsc1', 'CCCCC(C)CC', 'CCCCCCCCCC']",O=C1NC(=O)C2CCSC2C2SCCC12;CCCCCCCCC(C)CCCCCC;Cc1cccs1;CCCCCCCCCC;c1ccsc1;c1cc2cc3sccc3cc2s1;c1ccsc1;CCCCC(C)CC;c1ccsc1;CCCCC(C)CC;CCCCCCCCCC
PBDS-TZ,Cc1c(CC(CC)CCCC)cc(c(n2)sc3c2sc(c4sc(c(c5)sc6c5c(c7sc([Si](CC)(CC)CC)cc7)c(scc8)c8c6c9sc([Si](CC)(CC)CC)cc9)c(CC(CCCC)CC)c4)n3)s1,"['Cc1cccs1', 'CCCCC(C)CC', 'c1nc2scnc2s1', 'c1ccsc1', 'c1cc2cc3sccc3cc2s1', 'CC[Si](CC)(CC)c1cccs1', 'CC[Si](CC)(CC)c1cccs1', 'CCCCC(C)CC']",Cc1cccs1;CCCCC(C)CC;c1nc2scnc2s1;c1ccsc1;c1cc2cc3sccc3cc2s1;CC[Si](CC)(CC)c1cccs1;CC[Si](CC)(CC)c1cccs1;CCCCC(C)CC
PBB-H,Cc1sc(c2nc3c(c4sc(CC(CCCCCC)CCCCCCCC)cc4)c5sc(c6sc(c7sc8c(c9sc(CC(CCCCCCCC)CCCCCC)cc9)c(ccs%10)c%10c(c%11sc(CC(CCCCCC)CCCCCCCC)cc%11)c8c7)cc6)nc5c(c%12sc(CC(CCCCCC)CCCCCCCC)cc%12)c3s2)cc1,"['Cc1cccs1', 'c1nc2cc3scnc3cc2s1', 'c1ccsc1', 'CCCCCCCCC(C)CCCCCC', 'c1ccsc1', 'c1cc2cc3sccc3cc2s1', 'c1ccsc1', 'CCCCCCCCC(C)CCCCCC', 'c1ccsc1', 'CCCCCCCCC(C)CCCCCC', 'c1ccsc1', 'CCCCCCCCC(C)CCCCCC']",Cc1cccs1;c1nc2cc3scnc3cc2s1;c1ccsc1;CCCCCCCCC(C)CCCCCC;c1ccsc1;c1cc2cc3sccc3cc2s1;c1ccsc1;CCCCCCCCC(C)CCCCCC;c1ccsc1;CCCCCCCCC(C)CCCCCC;c1ccsc1;CCCCCCCCC(C)CCCCCC
PB3T,Cc1sc(c2sc(c3c(C(OCC(CCCC)CC)=O)cc(c(c4)sc5c4c(c6sc(SCCCCCCCC)cc6)c(scc7)c7c5c8sc(SCCCCCCCC)cc8)s3)cc2)c(C(OCC(CCCC)CC)=O)c1,"['Cc1cccs1', 'c1ccsc1', 'c1ccsc1', 'CCCCC(CC)COC=O', 'c1cc2cc3sccc3cc2s1', 'c1ccsc1', 'CCCCCCCCS', 'c1ccsc1', 'CCCCCCCCS', 'CCCCC(CC)COC=O']",Cc1cccs1;c1ccsc1;c1ccsc1;CCCCC(CC)COC=O;c1cc2cc3sccc3cc2s1;c1ccsc1;CCCCCCCCS;c1ccsc1;CCCCCCCCS;CCCCC(CC)COC=O
PBTA-PS,Fc1c(F)c(c2sc(C)cc2)c(nn(CC(CCCCCC)CCCCCCCC)n3)c3c1c4sc(c5sc6c(c7ccc(SCC(CCCCCC)CCCCCCCC)cc7)c(ccs8)c8c(c9ccc(SCC(CCCCCCCC)CCCCCC)cc9)c6c5)cc4,"['FC1CC2NNNC2CC1F', 'Cc1cccs1', 'CCCCCCCCC(C)CCCCCC', 'c1ccsc1', 'c1cc2cc3sccc3cc2s1', 'c1ccccc1', 'CCCCCCCCC(CS)CCCCCC', 'c1ccccc1', 'CCCCCCCCC(CS)CCCCCC']",FC1CC2NNNC2CC1F;Cc1cccs1;CCCCCCCCC(C)CCCCCC;c1ccsc1;c1cc2cc3sccc3cc2s1;c1ccccc1;CCCCCCCCC(CS)CCCCCC;c1ccccc1;CCCCCCCCC(CS)CCCCCC
PBDT-3TCO,Cc1sc2c(c3sc(CC(CCCC)CC)c(F)c3)c(cc(c4sc(c5sc(c6c(C(CC(CCCC)CC)=O)ccs6)cc5)c(C(CC(CC)CCCC)=O)c4)s7)c7c(c8cc(F)c(CC(CCCC)CC)s8)c2c1,"['Cc1cc2cc3sccc3cc2s1', 'Fc1ccsc1', 'CCCCC(C)CC', 'c1ccsc1', 'c1ccsc1', 'c1ccsc1', 'CCCCC(CC)CC=O', 'CCCCC(CC)CC=O', 'Fc1ccsc1', 'CCCCC(C)CC']",Cc1cc2cc3sccc3cc2s1;Fc1ccsc1;CCCCC(C)CC;c1ccsc1;c1ccsc1;c1ccsc1;CCCCC(CC)CC=O;CCCCC(CC)CC=O;Fc1ccsc1;CCCCC(C)CC
PBDT-TDZ,Cc1c(CCCCCCCC)cc(c2sc(c3sc(c(c4)sc5c4c(c6sc(CC(CCCCCC)CCCC)cc6)c(scc7)c7c5c8sc(CC(CCCCCC)CCCC)cc8)c(CCCCCCCC)c3)nn2)s1,"['Cc1cccs1', 'CCCCCCCC', 'c1nncs1', 'c1ccsc1', 'c1cc2cc3sccc3cc2s1', 'c1ccsc1', 'CCCCCCC(C)CCCC', 'c1ccsc1', 'CCCCCCC(C)CCCC', 'CCCCCCCC']",Cc1cccs1;CCCCCCCC;c1nncs1;c1ccsc1;c1cc2cc3sccc3cc2s1;c1ccsc1;CCCCCCC(C)CCCC;c1ccsc1;CCCCCCC(C)CCCC;CCCCCCCC
J47,CC1=CC2=C(C(C3=CC4=C(C=C([Si](CCC)(CCC)CCC)S4)S3)=C5C=C(SC5=C2C6=CC7=C(C=C([Si](CCC)(CCC)CCC)S7)S6)C8=CC=C(S8)C9=C(C(F)=C(C%10=NN(N=C%109)CC(CCCCCCCC)CCCCCC)C%11=CC=C(S%11)C)F)S1,"['Cc1cc2cc3sccc3cc2s1', 'CCC[Si](CCC)(CCC)c1cc2sccc2s1', 'CCC[Si](CCC)(CCC)c1cc2sccc2s1', 'c1ccsc1', 'FC1CC2NNNC2CC1F', 'CCCCCCCCC(C)CCCCCC', 'Cc1cccs1']",Cc1cc2cc3sccc3cc2s1;CCC[Si](CCC)(CCC)c1cc2sccc2s1;CCC[Si](CCC)(CCC)c1cc2sccc2s1;c1ccsc1;FC1CC2NNNC2CC1F;CCCCCCCCC(C)CCCCCC;Cc1cccs1
